mistura1,mistura2,mistura3,mistura4
0.8195602302815426,0.9626048672152763,0.9371378800736189,0.3665630042683462
-0.8541488976533055,0.9731744569280053,0.9962380740211574,-0.8614219139537116
-0.7106605812578867,0.9996707944469169,-0.009430897796908505,0.6152904093793958
0.9239190460224672,0.9984736038250984,0.8435640628306411,-0.9958635158671624
-0.6407337750375547,0.9999999984697935,0.9973484310536944,-0.6944935465851607
0.5318035616438792,0.5049041174315381,0.7980460929848275,0.07626707799871743
0.6683916941762292,0.9998761191954669,0.5055231088202866,0.7725155731881859
-0.10790257192524773,0.999999855047727,-0.565134726701544,-0.4464043509852825
0.9435445399488757,0.9971898445374958,0.3576488750932589,0.2787700116267979
-0.7966217650786934,0.9997806941924795,-0.42593121346181956,0.9772094814872985
-0.7683848960850036,0.0879668519470899,-0.7677542489106226,-0.5476110876960347
0.5132670282244113,0.9999999934528087,0.9970475276443099,-0.12735790101544167
0.9424282044765215,0.9999988937822322,0.9911188738974004,0.9817703115174229
-0.8939564100915607,0.9999967272315893,-0.5833132266198375,0.0812417635173742
-0.8313985066793853,0.9999805430439227,-0.08698382971866235,-0.46517562856426853
-0.9620996817200933,0.8468851676104392,-0.6284536140880453,0.49850978020412845
-0.46225421679397793,0.9998224959912113,0.5631415555264891,0.8710364731226375
0.13847477260440796,0.8952182781358687,-0.4357431052844826,-0.3135891142077858
0.6687007702496105,0.9996325390743402,0.98277395061464,0.12703984727990641
-0.8470209125281634,0.9981564377270662,0.44224430715693425,0.7689852777016545
0.951415823314107,0.8165026816627046,-0.672895218828242,0.547599043726721
0.6741324958179902,0.9701523328137964,-0.8027338249791728,0.4121277065710175
-0.8294919765344528,0.9999999999999372,-0.7128299509187009,-0.26832424814413747
-0.819693136005253,0.9968313818964124,-0.8273737822139055,0.046482564030606986
0.9599337807142369,0.9999909906689693,0.9744018780115516,0.9906503354993383
-0.47681479533345106,0.9614864367037751,0.962638098220957,0.8395648543935919
-0.625127613773715,0.9993743110843516,0.3487481236314486,0.3065168072860128
0.16473352173859138,0.9185025792025626,-0.0940814181556355,0.9797740250556153
0.8657481716973955,0.9977860257724418,-0.6260288323932984,0.728439084470738
-0.43358613048139627,0.9998335652655741,0.6821405661591826,-0.7561925211528497
-0.10896741117331486,0.9999999999473419,-0.6883584646812934,0.5121009646355651
0.35326997613186084,0.9770384382232162,-0.5968519721064057,0.2549895081193264
-0.9345790518167358,0.999863591265766,-0.6756922320346184,0.5551083206162958
-0.6610601200864326,0.9974287001599575,0.6065189707332518,0.03430036848917323
-0.1591090234646879,0.9913052265963785,-0.623390068667195,-0.2652193174549979
0.6520260914133718,0.9998856618375196,-0.4429467865240682,-0.8614757146750907
-0.9606580272926517,0.99532205838403,-0.6297264058717054,-0.44786098580677475
-0.7838827112119193,0.9759123092891252,-0.612965085716071,-0.8260926273246559
-0.9478091068202767,0.9996746673464532,-0.9187173857196532,-0.8216437002763203
0.8731033107591777,0.9836787153387294,-0.39413962065106667,-0.23973103040164492
-0.6169006921265945,0.9995783140842982,-0.9566341765463418,-0.7122864528285442
-0.7896340496320113,0.998593265820171,-0.24117385397274138,0.9763911577913824
0.7301830550342298,0.9919593516304002,0.2974537109461304,0.91017157595221
0.5771113200056515,0.9999999760847081,0.5711469437792226,-0.990960785263201
0.5696545047143904,0.9968827408861047,0.3853588664918149,0.7373456727903333
0.7155418029517329,0.9873129245081236,-0.06189582547510962,0.2924480873385036
-0.6854215453881785,0.8654185502575168,0.7549300228210336,0.7563457346330772
-0.6972758604033172,0.8678986806120428,-0.1308784088579323,0.8251077580402919
0.6345520120570592,0.9999810678405044,0.3244679871556362,-0.7328276323350581
0.867155741295463,0.9732715192981136,-0.1130980878688033,0.5584882372027948
-0.4497870662847413,0.9783236886052781,-0.8983822239477539,0.9645968142265788
0.20820026194006575,0.9999979197575882,0.582535726996273,0.5786937424618985
-0.03229911759207404,0.9999831900888023,-0.04710090740191011,0.285349247968304
-0.8639816144128377,0.9999999728588468,0.5210007367161369,0.0652328484298613
-0.927184431737109,0.9830199249105425,0.9784202252158919,-0.8934309098077664
0.7167263709324234,0.8614018224660647,-0.006289489387080224,-0.8548717457444125
0.9422236080949206,0.9916450888605802,0.17441538750987784,-0.1055070874061657
0.8873714111166906,0.9993283841593102,-0.7794170051677921,-0.6691425346431605
0.4962458521057763,0.7824634518504866,-0.4678055512272223,0.7421548086210978
-0.2156076194908838,0.9999571059943511,0.6718095762712293,0.8656179884544574
0.8046084028260915,0.9293024301701255,0.579068514590713,-0.6283914171288421
0.6222974571020075,0.9962436418956974,-0.4617764995519493,-0.5020128513673401
-0.6942416466063599,0.5086940684297986,-0.4504985483079737,0.4465301742730183
-0.23029129369587023,0.9999996734493933,-0.9852743944880376,0.8995561551639377
0.8944012751927037,0.2523536586184571,-0.6902771276918079,-0.2630548350375938
0.8967559427371375,0.9968724778715934,0.9761438515945358,-0.9996591008842707
0.7031463502008846,0.9999999908258174,-0.27557198399601684,-0.8470529354476767
0.8108301521986242,0.8201444784520096,-0.9923000020135248,-0.9949162984083006
-0.9502315506827991,0.9999997180727257,0.5425725837060323,0.39732941427828494
0.5152810708301286,0.9040870156554741,-0.5620800954995913,-0.5311311248489821
-0.49351067237490126,0.8550800379105918,-0.7595881193450686,0.2614783223406345
0.7692872907422519,0.9999999290186815,-0.88242753266397,-0.04477573988919149
-0.734106208445852,0.9995917769239289,-0.8343464306965092,-0.9705548850240698
-0.8210755407688587,0.9995385063342888,-0.9549520845789171,-0.17725072572589312
0.1150335206531332,0.9999999854533937,0.790196670302172,-0.07940592935560752
-0.8442364018618888,0.9834269134945017,0.16926421973120015,0.9204751296451066
-0.018375344346801666,0.9953482868564658,-0.23627229149195045,0.9594796245080766
0.9441965846277868,0.9999966752476299,-0.9567593213383456,0.7916210493484005
0.9103993179414077,0.9999476768761272,-0.30497953912775627,0.8446200265071993
0.863963748968502,0.999987326228889,0.2842119449228542,-0.34224204575666095
-0.8505852799813364,0.997881616541589,0.7770805134912676,0.5291361400898705
0.7489492775332542,0.999999837274681,0.8225412304964128,0.1090808757085317
0.7756167100460422,0.9999752235552588,0.699003749227807,0.5032581203998525
0.9512206360548652,0.9998307808084727,0.34272585479128753,-0.04079989465259272
0.3242443123621337,0.9998442032795515,-0.844703748354469,0.7806579761693294
-0.9398198157671336,0.5877815503630986,-0.2286019773190869,0.4469911122531501
0.9162308419545743,0.9965718052096727,0.3432089586033626,-0.8498202597238563
0.9560986495802797,0.5250683555706808,0.47074056060215597,-0.8267113162305102
0.9540702947538768,0.9999999874726073,-0.881092084491141,-0.36701841932602
0.5454848438718922,0.9999941617979944,0.44045325588379214,-0.5564491790093419
0.2508876792349162,0.9975315951051335,-0.9591842257296396,-0.16112057934766713
0.837659799063201,0.9998427882617744,0.6021730651991303,0.09508748461735292
0.9343869877779768,0.9989067437342051,-0.6263230279820885,0.9996591716623491
-0.5993390693635291,0.9999999670750147,-0.7818037217955762,-0.7880430743922322
0.9059614134211342,0.9999881970275873,-0.0618291211354422,0.7860861007580949
-0.9534100314086363,0.9958675678988974,0.8798610986387355,-0.26809996486640725
0.3709694417020581,0.9976993115177033,0.3251330142515154,0.9110722388775284
-0.6175853882411565,0.9999980318108598,-0.38276608853279304,0.3855198772000424
-0.7234668362242458,0.9965271426857115,0.8428525286430246,-0.4592331386696279
0.32784280432606394,0.8910042423750499,-0.8909746062801267,0.09824871533579647
0.828529381442157,0.9999999795073424,0.682757475986954,-0.6802711020097478
0.36243005524705263,0.8656595063492994,-0.4490698933281253,-0.642796042062722
-0.06688670971641203,0.9999990162691532,-0.7570979290020542,-0.4735199981537077
0.9187020159913724,0.9992201995999375,0.8563956505019528,-0.8848905432610017
0.9209400534163792,0.7062280960172623,-0.7869999703295719,-0.6964018130846572
-0.8768837299961612,0.4769705373921897,-0.4103495255863589,-0.9253009701871548
0.2991314641838752,0.9999992715299417,0.017162496060451726,0.8523092827040907
-0.8111498995448113,0.9952166666443836,-0.9089838867777125,0.5164806201094929
-0.7585746119340236,0.9959281752296542,0.6798757325454644,-0.8955867516867252
-0.8387714248461368,0.936626294518493,-0.041077339413656634,-0.996467494149269
-0.8222381109407968,0.9991561460971804,-0.5640027391075922,-0.8309840930600483
-0.0503726630861779,0.8339816703737869,0.7916949384017585,-0.11347185070458238
0.31845312916029517,0.9999998010077406,-0.12629166224722005,0.003252496319205019
-0.9296054844441605,0.6560288900757529,-0.8034261476918989,0.8991439498873823
0.7848740576670593,0.9974022109461984,0.5821092687014562,0.13009188624295004
-0.4336317046735525,0.9993853537626475,0.4978603442425839,0.7075741559806715
0.7772330705371822,0.4807114167665535,-0.2074928362881608,-0.9548639134919866
0.8665786359047306,0.9999999999717308,0.7518614788508368,-0.9837550367608641
0.9218329616543968,0.994627462849982,0.22033525590565123,0.6513669405627966
-0.8256281572695623,0.999843390875612,-0.7746347217258154,0.4219921911027618
0.9352569713486834,0.5006731099044526,-0.8803085099972111,0.9219317709735145
0.057848902910491745,0.9212286624690718,-0.9304944659202413,0.9958576569184725
-0.4911602306797228,0.9940904676364346,0.7365405497083911,-0.7202525099576939
-0.07568005655830821,0.6450099779181563,0.7692709227966306,-0.9420860591965209
0.558905314640524,0.9954077306481847,-0.010772091137688204,0.08930045508381408
0.1692683259705119,0.995922179606307,0.2327808945154623,-0.17462130594946204
-0.9592720245479582,0.9999927703432883,0.8652443140741575,-0.782111574743363
0.6102996042600589,0.999956080650411,0.29146155739888124,0.7334075360523399
0.723639810936778,0.9932090676242689,0.566136056038195,0.6915109603842575
0.268554069823289,0.9528852908082965,0.03683144126456006,0.9769452802821026
-0.8490421624331219,0.9514804664914713,-0.869586389835568,0.13252902811896355
0.5987386609984103,0.9963263140710392,0.8487210916441489,0.47392079639560647
0.3271496298299004,0.9999997108867449,-0.8163684920496945,-0.940289449389297
0.9518751411558454,0.8903656061303553,0.9663646275367035,-0.20396305689100971
-0.6541772702833567,0.9973138803585879,-0.5529971035019084,-0.3492238885089335
0.38809992123888737,0.9560147625270444,0.3077804300977997,-0.6267067265179408
0.9632372584376367,0.47599970487186405,-0.28811448455526895,-0.84986763900355
-0.7587015988709312,0.9988111699371527,0.6824398778924814,-0.4448020053930304
-0.7072648481671421,0.9999992632591546,-0.9211245686335899,0.08452349384630138
-0.7160558397891958,0.9999753663791596,0.7530925018612248,-0.27465068995253133
-0.9344085435185877,0.9986203308574083,-0.6415943006632985,-0.25099072701969255
0.08347104373988873,0.8568484701585052,0.16799774847443208,-0.9971072250678772
-0.9622307995339665,0.9999806339155157,-0.8692604302930497,0.03778373431060468
0.6384798791436784,0.9999951206231568,0.7135179221780309,-0.8788229203086456
-0.43975254764609883,0.999960338312561,-0.9230792782020522,-0.752422347244006
-0.5363987209340035,0.9557410195763606,-0.9683579337911784,0.8923569689511939
-0.9192571615268378,0.7114570728570967,-0.32537188699054664,-0.9931765757581219
0.7845829543260878,0.9999597210401006,0.7450374564108023,0.16633429966556557
-0.8629792798365881,0.9999999142538385,0.24912417352265764,0.9574673891235158
-0.7667072344900171,0.6777634818796343,-0.9446999265252639,0.4090848193944157
0.35194092063704624,0.9990736050106985,0.1898377379819487,0.5188619032008728
0.7656824713911958,0.9839779403474602,0.9170978448465387,0.2711248664153937
-0.8922003038308707,0.13352374398792535,0.7674009922632306,-0.7307899842038797
0.5971764678991363,0.47979141193013397,-0.1815381346084424,0.2115427383213
0.826977319157349,0.9986500786705645,-0.34030987195819307,-0.933930148280471
-0.4680254909690164,0.9999999999525875,0.15231104408992724,0.8810996534725508
0.7703140811026736,0.992564141486983,0.6278233488766628,-0.3957477569721756
0.7149368407965797,0.7515879759637528,0.08730291342375984,-0.8719563315232466
-0.07651419557757023,0.9926410744778763,-0.7217457720561219,0.9912369934540622
0.701641754471887,0.7508084446239649,0.009926852377463793,0.010931743375399976
-0.9570902978207416,0.9996192771767963,-0.35395504492055874,0.3644013283954406
-0.6194220513794713,0.9999994114143196,0.6139772660789534,-0.9569194215840092
-0.9433101089243926,0.9999998587307909,0.2813545659367701,0.8818768742974785
-0.9303373619296026,0.783326639602226,-0.9333198582500369,0.9999816336638899
0.6513177511683632,0.999951707510825,-0.24020479101108402,-0.022818844704177207
-0.7377889326063373,0.9991826560885458,0.3366793018628404,-0.7645346714974496
0.9546128826811644,0.9925295420819586,0.7078505617476775,0.5984687145332153
-0.6254574005054078,0.880640032158452,-0.863581825989612,0.9993211144961405
0.8094695782634448,0.6946003244169265,0.11107277088818303,0.3760868553785848
0.10959547973151519,0.9197292590468588,0.0022814012405779974,0.1599465947942061
-0.7252817882549849,0.869822398269237,-0.8924117159662017,-0.9498730303629542
0.7802920735812565,0.9999518939710133,-0.8703276695458578,0.8683482958034997
0.9219537864318208,0.18537268495544654,0.8675474538485132,0.5699039851796124
-0.9595130349554956,0.9999953210750682,0.6599142302497777,-0.6954176470936191
0.85894177597363,0.9995465725585041,-0.2280584898673699,-0.12454562646958381
0.24728668401836934,0.9990445469209973,0.9231197358666867,0.7656115615140595
-0.9456903021438179,0.9999995124875529,-0.7098926767683098,-0.4645080472664947
0.9522222636155275,0.7876714173101391,0.6151099198147341,0.7108338691219634
-0.9270096887111491,0.9998946557310091,0.6741818781226353,-0.9809823336511356
-0.6182570277543765,0.9999997054615268,0.3669843003588893,0.2108956006520618
-0.45421602821664486,0.9217539326893754,-0.8518858370158802,-0.15998026042691635
0.43315572819522274,0.9999753431681309,0.4324148761496311,0.12068279788073719
-0.750981532132022,0.9885790877309393,0.951534856546447,0.41549812100893435
0.8839701565634056,0.9999841195908928,0.461963971038041,-0.7965468575615247
-0.8430799889284828,0.9997167670935014,0.782435740136491,-0.7186097968056848
-0.8382915079413578,0.9804006644586817,0.09356259223438582,0.3285618525031242
0.9019285576321922,0.9736778599298853,-0.7350807392836786,0.11228374651912508
-0.7307910444694613,0.9999936060346992,-0.9198455586138756,-0.34568060150192115
-0.8431217870609707,0.9990060623395974,0.2985438430444541,-0.9024772995485955
0.7113113171378554,0.9997694733429874,0.1313925328839355,-0.9608643613895326
-0.6068906401253914,0.9966417478692075,-0.8092702497328377,-0.6822889456377201
-0.659986673208294,0.9995649345762464,-0.2678345752581854,0.9973422853278189
0.7886027055100573,0.9974156748550466,-0.5286454583518533,0.3606286391523026
0.5413814798528479,0.99973583603865,-0.3587986431040344,0.7989004680171425
0.6198291105070791,0.9999471026330164,0.8905641301406491,0.3020236691325649
-0.9471155811624532,0.9999966651389613,0.5170863739106915,0.8704107248870623
0.9005025790723175,0.9998835304774396,0.006231338854151308,0.6660825426665326
-0.9354124106405884,0.8102811763247877,0.9889476535534896,0.013259517073337333
0.7476639732973804,0.9999874798321896,0.945748949810482,-0.9479681461178335
0.36972015633202204,0.8354701103638918,0.9093125915701649,-0.879766078000214
0.7916215658617425,0.6050881354936398,0.4748322947744308,0.1320573294680987
0.912729213687793,0.9999317606905253,0.45689950541598484,-0.38235322919503156
-0.15783257673180803,0.9743795874512972,0.8041650919856208,0.20789914986077562
0.611792209840414,0.9999684813489681,0.8405955253450321,0.33748710556062317
0.8278444235861979,0.8813719961582192,-0.5006549155429103,0.13464308515577314
-0.9181313081736618,0.9691031831140368,-0.6545616375714253,-0.293962794351538
-0.9547490650516116,0.9997922736664071,-0.24112546254840636,0.8700732159914366
-0.8722166605034607,0.9999999971322412,0.9515290824324639,0.6294210329073013
-0.2355339242680045,0.9999524658049698,-0.3177953378363693,-0.8307958498727506
0.9413828081397781,0.999937151384774,-0.8922264781475104,0.8895173833771738
0.7031771754970618,0.9999723304176512,0.1358178480068918,0.1900335337933231
0.8150300002116462,0.9882458693015747,0.07570409745467375,-0.8735694209223852
0.9617535141309914,0.8992986674385528,-0.608478591382787,0.22645368802576832
0.6772146835364001,0.6007175465656437,-0.9235637632583003,0.9379025454735661
-0.2179876609828816,0.9999999998886476,0.9744447458618505,0.08982410251488633
0.5124535225709019,0.8139868055396152,-0.022340430773898304,-0.06960851115270111
-0.8109212479888285,0.9999978912847018,-0.15462623304964335,0.21485399110974499
0.08501644467042448,0.9731131715463399,-0.750453939995627,0.9770779225190442
0.41683668140588026,0.9980520194547016,-0.9670325054980823,0.9839531674640932
0.5906101909179954,0.7878300791904735,0.7853545697396512,0.5838720409125405
0.12280952387806214,0.983339047219349,-0.922435460863353,0.6484254187333214
-0.409798359578561,0.9981501727655602,-0.10221517676400242,0.035469074269359274
0.18010861133272432,0.7626796867409384,-0.9875711243123539,0.18854768027845975
-0.9440053592630951,0.9997652177704308,0.9183659983471599,-0.6844261285724501
0.7110191682614784,0.999984639757381,0.8139550233655158,0.6715938829133362
0.33910982725241473,0.9999975627917612,0.6818402190486481,-0.582208313052007
-0.5081155964783912,0.9334432307269476,0.9682250647006707,0.9769454063448006
0.8442021485212909,0.8138308518727556,-0.9314381995149243,-0.7809760384475363
0.7693426548087056,0.9998052095955732,-0.39797336066561617,0.29498819602422666
0.34354310938959215,0.9999347993400441,0.9032689085302691,-0.12918888912742374
-0.902052352170219,0.9999995420853658,-0.7353724670690404,0.8615486196388613
0.6122259111627785,0.9997998841722499,0.9152773953649856,-0.8442547187747943
-0.2501279048556408,0.49495548793599076,-0.9586587098268867,0.9619763654233021
0.7558463246147391,0.8735037622364829,0.7898640624539134,-0.43663959814712083
-0.7209751164201657,0.9999824853610834,-0.3890004321378727,-0.2644001657363268
-0.9374475533608664,0.9985538695158429,-0.6540046747032018,0.10141570713889009
0.7278057191122513,0.9914354622210555,0.16604384517395923,-0.1837311600448871
0.3077479578918357,0.9891737845813431,-0.7826727643274709,0.3757744356706603
-0.8823479423501199,0.9999915160932383,-0.838802108824714,-0.0884855246086651
-0.9390288839281874,0.9985895232378563,-0.6096640374586902,-0.2782219765671829
-0.9545639307476134,0.9859612528842573,-0.8900059731979592,0.26326156760960573
0.5908803894841698,0.9707929071997548,0.8147306511399733,-0.33602540729309194
-0.8317959976704163,0.9994448957860738,0.9761183969767144,-0.6793962815018857
-0.5384742879969124,0.9998753053962394,0.5640330472900912,-0.14147217593744377
-0.8035754064389691,0.9999999601660008,0.3406467142634849,-0.33406474697812977
-0.9226017443161407,0.9599351015241597,0.8991910182174075,0.29640573154297356
0.7917915576078074,0.9999962908370008,-0.6624811267313584,-0.7455211943515784
-0.2711950709215689,0.7884284548879112,0.022780904748764753,-0.09092547368951344
0.5893117682975788,0.9999991960923558,-0.8728276457076455,-0.10249660715943915
-0.8349092730279704,0.9992745187144983,-0.8487286866372281,-0.018817627201310957
-0.8118685487259973,0.9999884707827286,-0.03173594520648616,0.8714974562018424
0.7880404471022864,0.9993295824765754,-0.3199977197515108,-0.7105577439741174
-0.7938177989352565,0.984595185823752,0.9923127130246078,-0.614206178578542
0.9635953509118949,0.9997143780591277,0.09565365007506456,-0.32339913579502844
0.211651983302929,0.9807067078317574,-0.6470383722281702,-0.4334233817087243
0.902291735153901,0.9977034984806261,0.18165422528005837,0.4105215402383791
0.9461300762425884,0.9999237922715243,0.12261480493137858,0.20886492273275248
0.9379378932886044,0.41125144815893766,0.8580635033281676,0.19800115502675508
-0.627529228361079,0.9999999959883706,-0.20049294511591942,-0.7615942205028019
-0.800056142339949,0.9794413276654288,-0.9488238356144523,-0.17732062035735557
0.18260901980499122,0.9999936302220216,-0.4982702239781825,0.26482783635306545
0.7239076604263485,0.9516595398586359,0.20801263312228827,0.7126554583102432
-0.7537357542568034,0.9791536641216977,0.2714032570771384,-0.9669782854509462
0.3390968144743735,0.9994253581687501,0.7009211526306095,0.11887150709170577
-0.5620019483750418,0.9997333551620544,-0.7985372310279601,-0.3817012774875769
0.132071443637357,0.9895512407705253,0.7490555011742254,0.30293910520533474
0.9329611299186265,0.9998714399781142,0.8833648329212445,-0.24941401819436476
0.9505267314461977,0.9999980500997318,-0.4073760454532626,-0.6440811414305663
0.8510019245117744,0.8301192807500686,0.9782317832280781,-0.34047157631774577
-0.8355615062518834,0.6856577433066842,-0.7409079633012822,0.8190889639169735
-0.18054089166358736,0.9999998680199651,-0.0352958796612043,-0.744316988080648
0.8183852074628447,0.999999959088173,-0.45455585297989237,0.4672629559320362
0.6976769747885548,0.9718419854742771,-0.053767018702601366,0.759658957744066
0.39874197249403764,0.9938855161280991,-0.837374706445202,-0.16591382983642944
0.39899492183289215,0.9916054531905509,0.6099678956677801,-0.19850799777566228
0.1255922318611239,0.9916979079233258,-0.5233792076116023,-0.9998620906618686
-0.513984080245084,0.9998029910475776,-0.6827280218916946,-0.7796716019687624
-0.9568871409126877,0.9941412764996893,-0.45749991286727665,-0.9390959485248536
0.9008872240794195,0.9999724060226287,-0.8521675854923676,0.5559529553757596
-0.9524187099746027,0.6104567505672278,0.14980727592335227,0.9950405384105172
0.776576948036364,0.9999939740985061,-0.4860209062377122,0.6789515103840901
0.5439670400587128,0.9999990713201703,0.2209852572788982,-0.15763199071692377
0.6143374122991727,0.9795752183651283,0.8803117067608471,-0.26327947313984323
0.9568476655977574,0.9989620202944711,-0.8531276700801782,0.9458292504205259
0.7944998707506475,0.9999999944725716,0.21205786285746003,0.925221341758148
-0.7940499331646945,0.9999996144579993,-0.6941810139563447,0.9042308428337414
-0.6327589924001228,0.4847123807524039,-0.7017288564500215,-0.9996486232587908
-0.924356074363075,0.9993993146932602,0.09858633089299307,-0.09774459570339478
-0.9390322501526203,0.9999982588296978,-0.1427219988048849,-0.881707705412446
-0.9579061304931834,0.9595638617395879,-0.020267690042518147,-0.9233740043170269
0.81403887234345,0.9998908738985857,0.7572749527915439,-0.08001990486404158
-0.4324176346035969,0.9999999761269188,0.6796524611160416,-0.9995200331530769
-0.660861666653221,0.9904872537992712,-0.03530555577978429,-0.9425019888445966
0.3385382560568362,0.9999971817376859,0.302951324652825,-0.8635028861470668
-0.7612329271203274,0.9243791795912124,-0.9717040366696141,0.8916071727739977
0.9527709148807423,0.997790629987733,0.4379671563747966,-0.35810393790195677
0.9324283974814571,0.9110945560904247,0.7752794678293561,-0.8072619754501116
0.5699291145437568,0.9996500795132717,0.29175436993631926,-0.04833664186393762
-0.7081628561458945,0.9999999981566393,0.5264991502460729,0.06899911254302339
0.9384725902403832,0.9999806423468505,0.7860408810252443,-0.9361140786909941
-0.7319101390689052,0.7628354095324711,0.9948568123629563,0.9635230012738171
0.8809128574733115,0.9997420839283826,-0.8161447964456768,-0.029406833668558348
-0.2699862866724455,0.9996343519421361,0.7474181945777219,-0.9886827895136115
-0.33967844011702825,0.9363257673401785,-0.4854971612991902,0.8827474530817119
0.57049868424036,0.6381133898226583,-0.7112103437454657,-0.6859625523906757
0.484535459884299,0.999987952769673,0.707730309880481,-0.5938761771482968
-0.4676551391176658,0.9017602710958469,-0.8077899746329693,-0.17711550561358014
-0.26780340669031893,0.9999999922179774,0.9175096815147373,0.4244872711707442
0.22634344398778525,0.9999923279978257,0.9084352855313674,0.4118606064968286
0.9007064890504611,0.9922653568034794,-0.35331756486912663,-0.8011107916190834
-0.9385106535971868,0.9999999999824473,0.6183303696225717,-0.5947402938809787
0.6607539750875949,0.9961460487652218,0.8746198910311138,-0.0025794739518246526
-0.9385518524297445,0.9998977327315623,0.7492983564351489,0.9996901778053919
-0.9451619528513692,0.9632983040308576,-0.3851570690369164,-0.7497145749894396
-0.8964873409119821,0.999999991896118,0.9289481476248217,-0.6054192900105221
-0.7573895029735416,0.997888125365458,-0.5715368374904847,0.6064215342482864
-0.6076446408830376,0.9979145755892506,-0.3206169023163823,-0.564808962220685
-0.038083081015209644,0.8570651851020351,-0.9755352882553492,0.849776012778017
0.8418578197536468,0.9999978859878265,0.5733524624926671,0.334110117638629
-0.9446858011833537,0.9999999640299347,-0.023603191127556798,0.8054005630529676
-0.8309949998800694,0.9009382465501578,0.8820178224747157,-0.5826128720765462
0.7511227381783506,0.9998013082085065,-0.4489638412455894,0.9990762551563671
0.7046182060947285,0.7804897912468494,-0.620188481235111,0.9973754237856688
-0.9362902747353098,0.8874322267233381,0.9404003759427234,-0.8322102514153182
-0.0776152122291472,0.6933943627643799,-0.8935238368622317,0.3209485550566233
0.6840652385943171,0.23190603117318143,-0.9191327058865701,-0.6581131132743346
0.8597423463480175,0.9996253789613089,0.2911821394418739,0.9742061840168184
0.9437846751637913,0.9856564980438479,-0.8470834324033166,-0.3062327710444304
-0.9234296458088553,0.9999992753245706,-0.8554507112358201,0.4821178582610549
0.5220444816217985,0.9970833590052938,0.27379768515080305,0.148607541687978
0.779712044455539,0.974697566549121,0.9119282387339698,0.9872368735909774
-0.9060650766472635,0.8163795061109427,-0.1264286234308528,-0.30291169451489297
0.9348769453106892,0.9999987792118257,0.22962120520287657,-0.630082562669185
-0.9212341052084148,0.9730341510679303,-0.14411719998180794,-0.140537724032975
0.8646542632481912,0.7892720776422273,0.8971008324337902,-0.5722165386867469
0.7636103555226829,0.9858797863546804,-0.03662385471461405,0.6796061178901246
-0.9283282238269102,0.9976462507580852,0.8760425550579893,0.2191637344988841
-0.8877262056355799,0.9999992817385701,0.5974441150682311,-0.7715247319809662
-0.7993610373806225,0.9999999990396948,0.897168430547703,-0.22762572503693926
-0.8776460055483549,0.9998981706290652,0.8130083716708103,-0.16038346066689635
-0.9068918028891741,0.9996657314182449,-0.4634198856754883,0.692735688365947
-0.7939165290909335,0.9289403052686681,0.9143059082849712,0.9348990791631152
-0.9480541362458559,0.9869286655187898,-0.13530916710213853,-0.32584197869321513
0.9520260440051419,0.9989311556960823,-0.6258505448475808,0.06962741106455735
-0.4257146286933879,0.9739059415869507,0.37052825285936963,-0.2226302215478034
-0.4227209064283361,0.9999968958868026,0.4765859407185244,0.9813549839811025
-0.519170458654649,0.33310128185683097,0.8094948372720004,-0.5727182321852456
0.8977144371494838,0.980988607978791,-0.7346204607647412,-0.2399161028211715
0.8778158853181481,0.9996259898461735,0.5062991968047028,-0.31300884865548845
0.9436154934179006,0.9919988495292366,0.7560259918811457,-0.5903581315521468
0.9477790912905422,0.9998783414773548,0.641654309994599,-0.09016814418558945
0.7221203046171483,0.9986108490962884,0.6450632112382051,0.5540082383886741
-0.40516486733278884,0.7188244927957663,0.42275492738153353,-0.7953463434807175
-0.045732388286682184,0.9999122947549818,-0.8738385214664118,0.29177852957861844
-0.031027782863206378,0.9999999203742184,-0.8692947706140208,-0.8824335077430917
0.20750266519279006,0.9997897400119716,-0.3167755323476146,0.3889405057878154
0.1778566106493273,0.9999997789185552,-0.8995919074456821,-0.8086912815318282
-0.7072420823776158,0.9998628223504693,-0.8876275699755305,-0.4381678063159253
0.9559388327704949,0.4705360017768523,0.4885549058969495,-0.8416515114700546
0.6429756270986482,0.673988082381888,-0.4541810686197199,-0.914077282785785
0.06430703930496542,0.9995631778154214,0.9351802219624183,0.022031468350523872
0.925168742737044,0.7490918593359938,0.21848151736302973,0.9749437262634792
-0.8806420681180427,0.9992809537503399,0.7369144362147406,0.6377971841527178
0.30328799463318096,0.9728602430630294,0.15401258188950395,0.6619615139878208
-0.9637093024067857,0.9734223157439001,0.19576980869000973,0.1422595156796363
-0.7697541541248328,0.9999991500450192,0.8162058182395182,0.4831507811355575
-0.08889612348977911,0.9999836355145556,-0.7765414143613836,-0.8064576434130234
0.06228876957899391,0.9999862779041305,-0.9014907685950017,-0.2797200430839899
-0.915529258458472,0.9998316971397132,0.10834925300940176,-0.6010386300717584
-0.6749634743015727,0.9229924749892137,0.9530910840867419,0.40440328208285203
-0.5216069229955231,0.9999994308841886,-0.7938319629314753,-0.2871416997490486
-0.9529881838515285,0.9999989403848444,0.9020334854397932,0.2939708059375634
-0.9559406947965249,0.9943575472729805,-0.5864606094396548,-0.9906678954475291
-0.686669684447568,0.741977871159394,-0.23817657349820767,-0.6825849005612525
0.4739542125042813,0.9999999959573198,0.3725368579136515,-0.9011726843763438
-0.5790498262435458,0.9985409922359703,0.0021568211114592565,-0.6631364043782569
-0.5800175205746184,0.9864429514526886,-0.40631815771554547,-0.9995711874762351
0.3293500662370578,0.9984493443077973,0.8069810138210104,-0.9960308126707557
0.46839768720775593,0.999357109299135,-0.45322971317561417,-0.17627095399056406
0.12373542221145149,0.9999563991263823,0.7870067391794161,0.8854846912539025
-0.8118179626894046,0.8363571410143351,0.5270336505430168,-0.2218374895355389
-0.49515734140351797,0.9999999999157918,0.8759718240483519,0.6014485167209965
-0.7118793597263611,0.9999999586192252,0.37288025779566286,-0.3922329596060894
0.44551790990171497,0.9954658608504603,0.3861312220686591,0.9999134326116661
-0.2875240142191266,0.9136711372869613,0.35850063583829006,-0.5107992881962634
0.621051211451509,0.9999396977720344,0.4886123000815151,-0.7938590822855345
-0.2253034257652262,0.99878090099312,0.0006817047895149121,0.006160971348762884
-0.9124341568389372,0.9999999999540125,0.5950779177000554,0.9615078599078021
0.9004506353841752,0.6583640908711887,0.658462968550898,-0.5257429696005699
-0.7192205988609942,0.9990765039647331,-0.5999593877887173,0.6623155838980856
0.8851216824686081,0.5907158615853081,0.3049464872058723,0.8087386350361453
-0.7561784683447217,0.9996641385910952,0.300668149063986,0.19057223368607665
0.9319204608132166,0.9867606033232116,-0.8624287820723409,-0.3705647063966672
0.2472221583987691,0.9999865328534933,0.38940532013867946,-0.9895968950670386
-0.11840914021877402,0.9999988890547196,-0.74953901768469,-0.013623979015530856
0.44595277025983204,0.9997442439427061,-0.2389158792803139,-0.1575897247143212
0.681147488422334,0.9999998484603612,-0.5933555927110977,-0.19692930344830076
0.9342038364009658,0.9999804212511033,-0.34320704264172397,-0.8729664968485161
-0.35905032054808084,0.9698206763248453,-0.9815256123587375,-0.9329418603797579
0.8273235347521758,0.45681570884170825,-0.7803803203909432,-0.5160140377916613
0.33788875478042024,0.9997100677065069,-0.6125071834223279,0.9744488404506332
0.9185323315666017,0.9930062689707271,-0.3156711627662996,0.12690418226527114
0.3952064110115108,0.9747262048662232,0.11954450161997646,-0.9337605602360467
-0.17074041792702385,0.997238453802479,0.566429963371007,0.953077226356834
0.17405940387808952,0.9999991149778396,0.9770828873970312,-0.1265021170137775
-0.5313620998088926,0.9998016600745999,0.016933922046921335,-0.29123435986210877
-0.9600059903865136,0.998913877295165,0.8877205061026154,0.43181877702527144
-0.9144554404155406,0.99999358687924,-0.5190612880590858,-0.9268221389518037
-0.9512568801465101,0.9999643987326271,0.527252589549184,-0.2639663518497227
0.6740312332610694,0.7196673981369116,0.22909547867741867,-0.1799097913397565
-0.2808220249953129,0.9999999814051472,0.7293541657432903,0.5019885474765294
0.6832646869150301,0.9999999999995696,0.7749995557303078,-0.31386601248257145
-0.4383727905176438,0.9999994107112306,0.7617384457717575,0.08820311020478841
-0.2574326572350179,0.8149057117874695,0.34993757942692477,-0.8405980227643717
-0.9303519573334208,0.9999998322675026,0.42685327921347643,0.5530181997704533
-0.8276727314273632,0.999517795099261,-0.05815878212255388,0.07797689456080943
-0.6839689022923592,0.9964388419760833,0.12360678807737667,0.10959932218753687
0.7562596260980121,0.9846923232419575,-0.654512451985884,-0.6586450090366861
0.6222428055126693,0.9203967182022786,-0.8813275722216282,-0.3180249790227774
0.1402517022403765,0.9356345511272943,-0.20896529612434236,0.33164536126491706
-0.8072051726912163,0.9991839943282312,0.24579872637712197,0.20497571717715393
-0.7803942893871402,0.9999917618865369,-0.5939738110443427,-0.6666281381103819
-0.7611324744684672,0.9999996690828148,-0.9041178816057903,-0.597637090347624
-0.9506029714253428,0.9688131186515442,0.9502091706299389,-0.47111531831844383
0.8376016116860376,0.9991834891827452,-0.9379938498349062,-0.6272325392345656
0.8955984074364498,0.822612909166906,0.5682517810612896,0.9994763642991314
-0.6578903464903088,0.9690863419051718,-0.02408651449384873,0.9942096169649808
-0.344279298724912,0.9999666031078248,-0.3158172880562733,-0.8995648813627539
-0.3856256983237032,0.9999999961421928,-0.8128960350628256,0.2809518442410512
-0.8486969291522051,0.9740297297447613,0.08787630960168452,0.8941397783130518
-0.9559406939768711,0.9871277831694246,-0.35757803300951047,0.1394297947067599
0.6524498255232051,0.6264143442393312,-0.38109065652464863,0.6550602837069965
0.707440548757758,0.938370841112846,-0.5949964341871776,-0.12279011144190988
-0.6866711382812585,0.9994580609230239,-0.1708851466998565,-0.7159122766574436
0.5073508406901921,0.9767610156675359,-0.1167420105078421,-0.1640361652197932
0.39592791336786753,0.9978426724056808,0.17866316899560267,0.4446926128870449
0.9042140834641755,0.9996998240188076,0.4891235244081651,-0.5402700283522093
0.8635666712985581,0.9999999998990577,-0.6181023320642344,-0.5024239637840744
-0.34632961171919524,0.9981528701761201,-0.35394580772099055,0.5525193549130241
0.7164313458259775,0.9930190737299117,-0.8594629069617095,-0.0018390522653955966
-0.2079162057172425,0.9829389974864117,-0.2477207361434141,-0.034709682392723894
-0.10459949136196924,0.9999955438779494,0.7004662301579941,0.35635867350716416
-0.5422935536511062,0.998904773444098,-0.4563921476863206,0.8860835410255138
-0.02589599884862104,0.2975864874252359,-0.6332701937297195,0.35163604599937054
-0.4745182752302506,0.9999997589199021,0.9761546012418109,-0.5664726144147316
0.5485628168275022,0.9781362053599871,-0.8447566390508534,0.9718296507569305
-0.927352460290839,0.8715495493966785,0.9762021547260273,-0.3679242861288936
0.9384232935237944,0.9999756793044986,-0.21332022018950603,-0.8382259986428037
0.27200805760729374,0.9978298862091413,-0.6132403299223502,0.25817125673451624
-0.6180038775633916,0.9932132208620267,0.3918394146471555,0.23256053705404628
-0.6720280584330693,0.9999944006665258,-0.9770588905426714,-0.927533054049216
-0.19292190826589828,0.9999881047237276,-0.6123294189935188,-0.9034071795764466
-0.9057551423712987,0.9999050916055885,-0.6540755642402368,-0.16460613603313495
-0.9308537284291285,0.9792095471021259,-0.012503991294281747,0.6323872387260251
0.0701549133653702,0.9925749875141627,0.9948324828698221,-0.39770193982322105
0.9418431604223435,0.9999791171402873,0.5690574775795744,-0.983072974831781
0.832916870718493,0.9999941375980337,-0.8921004991801849,0.9135028489524718
0.2730682932073608,0.9970830653499032,-0.874563043901629,-0.9853679117956433
0.20805422015624903,0.9996482293416018,-0.11029391826117207,0.15187571100280517
0.6194147825456537,0.9991454470578416,-0.6406059881072037,0.8011331179803439
-0.5302019759294797,0.9968552113612793,-0.8422180064924425,-0.6751240189769552
0.15235840870898892,0.9999968984995093,0.9052333645747139,-0.06444778154293862
0.8064474052451633,0.9999887991696537,0.8225929275503409,0.015268564892746332
-0.6652270742374555,0.9995164735711954,0.18780662969453307,-0.9989850412502066
0.9606560453543929,0.5591639793462239,0.47111742770393905,-0.27564003581761315
-0.5098805503678229,0.999946301628783,0.5657882322545893,-0.9580814599831754
0.9443225149614987,0.9893442623294574,0.6303105099360224,-0.3923388140688115
0.9320623037449014,0.9842684482334026,0.6587168290187094,0.6773178078899958
-0.9260331078527975,0.9999996424276115,-0.561096334664254,0.6864463479053994
0.3515775357618533,0.8980801783372285,-0.4229017692966519,-0.018559490936700163
0.9455728852566262,0.9998132399545376,0.3827127578580455,0.12366603995528483
-0.027610724677102377,0.957413929973383,0.5825545968886974,0.5936957732896275
-0.5525953524992531,0.7690614688835383,0.11161652638388103,0.6501828273254775
-0.7602933538437658,0.9999996912138899,0.19821175712495923,-0.27907292220732455
-0.4938016605347372,0.9875374656168886,-0.6272832467788426,-0.6693904802334244
0.9511632088263631,0.9999999793125387,0.8291797951630974,0.16655970660349934
0.5433421208527994,0.9982811792079906,0.05872767527131878,0.6771626341726372
0.5669792529593235,0.9999999952789136,-0.3151346633325854,0.19473226930424828
0.20593655446548825,0.9613726959663637,-0.7945182571364104,0.37441147111582646
0.5251767355205919,0.9999998142060176,0.7314688006550483,-0.8967100118743898
0.23202331782117383,0.9608242118281946,-0.12530364178913866,-0.17728325473114354
0.6298266598082284,0.9986925878691577,-0.38050857698143503,-0.8733895076121987
-0.8900638990694777,0.5437870120796953,-0.9478512365201822,0.31447830933640397
-0.7796196500670979,0.9755082119836721,-0.1542467157597147,-0.9297761329756667
-0.8830953781395794,0.9980965531124905,-0.6514619599346114,0.9659966113730022
-0.9450267902412746,0.9999999999101845,-0.7343657956560766,-0.23956948113819718
-0.43440521797863524,0.9999762611026953,0.08499866275791423,0.01055327776157321
-0.9553207160903898,0.981899330636898,0.045562972337073765,0.9994501365941432
0.513559718028022,0.99999795396288,-0.9390109209017532,-0.9976759311784436
-0.7559611676150989,0.9722065861684296,0.5432948566483469,0.9541857928759733
0.8826279737161873,0.9998889727644259,-0.0764351410341658,0.011715717429553386
-0.88257367076672,0.9681770028823842,-0.13820293931743177,-0.23469911571157698
0.22909668861003257,0.9771827905521747,-0.7999323400770674,-0.9469780416178422
0.6739462641932756,0.9995249957545138,0.5176983999981787,0.9548964392546212
0.47372738732740094,0.9970877946233772,-0.5947198190399938,0.3810837752139908
0.7244177402957952,0.9980122396171952,-0.08561418279632872,0.20108946314526632
-0.36706950767544627,0.9314801558742132,0.9250184476646328,-0.8577547631780464
0.5847042356635966,0.999966924340807,-0.26809657713497365,-0.246546947666674
0.8944116010368786,0.9247285201392481,-0.14373847937258696,-0.0404254295285673
0.9102893662773331,0.998043827204046,-0.39850735074552696,0.6201663105626329
0.6408798894549338,0.9248244040645544,-0.27145704056759706,0.678355200775762
-0.39903248976649924,0.9978597781457984,0.4270216980540081,0.4223132372965212
0.4851606814702709,0.9999908375111168,0.5361198936644223,0.6847695426520567
-0.7505233514812445,0.9995640414230539,0.3231603120958802,0.998144868696856
0.34232105599189483,0.999999956145422,-0.8965877874676937,0.18623739533711228
0.47064472209888936,0.9999999763468601,-0.7208637575765842,0.3023717161796798
-0.8830954920832059,0.6362954366959656,-0.7340284012483778,0.5384974330018095
0.9207761872664038,0.999999951532868,0.1725850582794948,-0.8001863217881499
0.8791508209881416,0.9096984402050416,-0.934815843248434,-0.02638059178696179
0.31425578847459956,0.8196675979316846,-0.4982042627633188,0.9576020070366932
0.9521858539743684,0.9999897539342765,-0.3731791286572624,-0.5835073854652958
-0.9371516476785439,0.9999999503446788,-0.8555044001868469,0.6358276909640084
0.9134199059058745,0.9785509004826809,-0.08501100322513609,0.8361916760684149
0.8954764184266247,0.9845503150065482,0.5781279695656206,0.7556182461151288
0.12615889407579578,0.956430803987963,-0.8533024206216282,0.6939928802509477
-0.929775673834695,0.9946450852311592,-0.4952903090468796,0.5947276893501786
-0.9260461270640747,0.9999996785145864,0.9659221171172624,0.9421383128322861
-0.9625767983040883,0.9999979580019086,-0.3787899021119515,0.7814639455934362
-0.7469266229129142,0.5532741135216255,-0.35829059771554056,0.8537261103050038
-0.7758253705288932,0.9997658349547449,0.3465073678115781,-0.14915391584365628
-0.9591541170465671,0.45480535210701534,-0.7629652622893937,0.5687945274710494
-0.6754449621668096,0.9999925292318539,-0.631568307792633,-0.9997754763780599
0.6388341501117306,0.9999995638471783,-0.09464617753890273,-0.881906967294493
-0.8963401961515612,0.9999999967389439,-0.7003125903877733,0.9623173730096666
0.465045841943713,0.9999999943015433,0.25097458125870237,0.9935103973584983
-0.6101846066973792,0.9999999999999745,-0.36970359521180435,-0.8795419986335193
0.9185005577653248,0.9999780704279675,0.12360977934450149,-0.7939614001452934
-0.9552577505371587,0.9721910008222683,-0.2996101288327517,-0.880570865755259
-0.37559874375056596,0.9996927984952914,-0.7651520378262245,-0.4618295375082788
0.8817732709217063,0.9804079909057313,0.7085176734651979,-0.05490032717689637
-0.03697718608245096,0.943377757601603,-0.2925134565925877,-0.27687734447876655
-0.8366281511495981,0.35664839225329326,-0.6985660094618961,0.9795564439291993
0.923085429926439,0.9999904958465503,0.9908907603953243,-0.9663560766329208
0.9624366090939013,0.7095397283967492,0.08857813426647744,-0.9794508292462513
0.6986839628375053,0.9987147072502323,0.9893614601181435,0.9880910354059643
0.5679357072212334,0.9986798547683176,0.7802816557972273,-0.11362565293375278
-0.9630885789611667,0.9999999850949755,0.9507663753682332,-0.24850060753115272
0.8857836338562642,0.9573037206362992,-0.5744351015050772,-0.2786945892719002
-0.025550342006912675,0.99994007518225,0.37199576364582476,0.6878486495026581
-0.9269268084023256,0.9999390883687382,0.27959714688340476,-0.3765677272093402
-0.9564444023140062,0.9962705347506837,0.43121264915795826,0.3306322587049778
-0.8079053081809513,0.9980714167490317,0.11494708254168988,-0.7831407755202985
0.40328181201879515,0.9999405096461558,0.47408990399726864,0.3567804170419028
-0.6823168798070216,0.9999993807750939,-0.684694174932785,0.11760335044736847
0.765116704960832,0.9998094401175973,-0.048771306289117404,-0.9985513564342667
-0.4903565678758016,0.9875878083938304,0.8338689777794454,-0.3378610973660864
0.6984769941227478,0.9995454013730306,0.8780676381757045,0.9602608868318406
0.5688330608241702,0.9999105939865421,-0.29426145174249774,0.9050836218760393
-0.7358938576952526,0.9992911085701538,-0.7599659362848661,-0.9060660622313134
0.9313400402953159,0.9999838336303273,0.9246596698223537,0.9102806569539074
-0.957342605961333,0.9515648106491175,-0.9292462242757138,0.4477241185492015
0.35433237196815165,0.999994805603323,0.0675897996468017,0.8705893194807904
-0.9124077454476534,0.976089443043632,0.7157288773575372,-0.9937272734259153
-0.1334028654897213,0.9999814941564352,0.8515869400235048,-0.7592955185289689
-0.9192945917498402,0.9997738343971656,0.801194087756673,-0.937015221815502
0.7516748221739928,0.9995748391120901,0.26047333379384413,0.9950324642787443
-0.36006898163555034,0.9583048551130089,0.9119423007397548,-0.3102344800163688
-0.6334940764693345,0.9999917536587631,-0.8234238726839117,-0.1553638909864619
0.9243965107587147,0.9747478347552665,0.8389558231096957,-0.04030245033843243
0.5125609702743125,0.9999999994541116,0.8705934214393634,-0.3789819702411744
-0.9304331510190409,0.9999997881764192,-0.6690079719494587,0.10565226659823582
0.8274469172382419,0.39447323583112925,0.27744331598668204,0.8901975493792765
-0.9631774785658564,0.9656812079025523,-0.851100392973994,-0.3734298279433838
0.7974911748989142,0.9998543424799544,-0.8692204506260767,0.9918618343491743
-0.7618366205836017,0.9249917955176898,-0.15742026512818572,-0.6005412627143394
-0.2679695253428466,0.8091675232995916,0.7497507455044612,0.43894532879772724
-0.9345254945017711,0.5285756181716141,0.30398401675600945,0.8442663404896685
0.8660690795599424,0.9993235424849869,-0.9533179487887095,-0.058066492928809506
0.06114912887385269,0.5644768461614847,0.6244926721410288,0.4653679234462865
0.9242801616075846,0.7020106819900596,0.4883051773734582,-0.9110644709956801
0.8351086407843948,0.9499524217991283,0.7491315672304276,0.8672536658859258
-0.541992214201105,0.9619967077905992,-0.87940455571708,-0.976364211980524
0.6256228653439254,0.9699835206023437,-0.16759557088353644,0.0053980689626173094
-0.1653772289584229,0.9958705351437164,0.21842486564012478,-0.0817465920103231
0.11266746422224738,0.893636708029838,0.32503664544229083,0.6814811879886249
0.9592679906914304,0.9999995272911265,-0.5678005294211741,0.8489785812643394
-0.23152933528374967,0.999997768043874,-0.7464771970666314,-0.7581813961262639
-0.9555237516855499,0.9999425423536691,-0.16274805051181598,-0.312328384721942
0.5015302339895592,0.9999558350603102,-0.5439791331362955,0.9139296190781641
0.7518008195728473,0.9880143014201014,0.10200716678533735,-0.02818407573221236
0.900826882684643,0.9999997243082509,-0.9841825022882947,-0.47704948855535045
0.37034665072382517,0.9999645325272815,0.6222208230930232,0.3434595732090751
-0.9501783456037802,0.8704038057258622,-0.023511414541825575,-0.6895145947269274
-0.5408846671040867,0.9073996393976062,0.5471319636164013,0.8300342974700795
-0.9065903038333958,0.9996131567352432,0.5829615426512017,-0.9178074846211107
0.6761499623404086,0.9919572042348258,-0.7459134397611792,-0.6813764011178061
-0.7057700779546795,0.4948848871518719,-0.1197315850985264,-0.16256343786083996
-0.23938121106038238,0.8424602171583303,-0.052977147092909516,0.9502239991123153
-0.6337696031092591,0.9990823937522547,0.20261539853272376,0.01728971046899649
-0.9157378763343487,0.9976720753127106,-0.4303586537093186,0.13256790998212165
-0.9326325294279562,0.9999857722666632,-0.4785281883270337,-0.9417974261600979
-0.9630320256832249,0.9998516304148529,0.7936348188964469,-0.9470578699657974
0.7620924357762335,0.9778853518375201,-0.765290425416957,-0.30146451156301163
-0.955902589932941,0.9998840774160915,-0.8582068740716705,-0.12024833450522963
0.8292988766772039,0.999999547170515,-0.7692759315372291,0.5207638225480429
0.9302507325148555,0.7004295327672223,-0.5604363908781265,-0.9969792381913982
-0.722756988214421,0.9999999994876732,-0.5305613374816107,-0.967354948132166
-0.6803640124082515,0.9999563640355033,0.10178356275851398,0.5976690109870944
-0.36226738827849786,0.9999999713257189,-0.9526043767920751,0.3777884541726484
-0.2821085333334411,0.9904125234727242,0.08515141746089677,0.999065290799682
0.06097464048870625,0.9927451031675999,-0.8889590644425519,-0.9994747036531902
0.6557611603220931,0.9997270874264863,-0.39377964817551514,0.2983209673004287
-0.880636805937696,0.8643457922537143,-0.3205359170174559,-0.5957728579044723
0.013063923715643605,0.5554990076520887,-0.16065270418711047,-0.5781679092749994
0.3606726322367173,0.13790200282635093,0.4103173182594918,0.29142534157119726
-0.1927204796024717,0.7012124990158306,-0.8031143400932071,-0.8235284096377721
0.3408168283304994,0.9985660759804614,-0.9069623681811895,0.9941409273356895
0.768781861667188,0.9999947324467662,-0.5583319127274767,-0.8757042073645379
0.9546582656024348,0.9996726201117345,0.43256753549376864,0.21014718339065197
0.3280316421106363,0.758148580438208,0.5052636226511711,0.47186182014988587
0.8800983978165865,0.9976747833672046,0.8080913501239735,0.9991585364444692
-0.7799686920518348,0.9989899734654458,-0.6252681130802707,0.9813687122652993
-0.9612479890876058,0.8433053295922183,0.6900720268665895,0.8029088428147934
0.9536834544043759,0.9796058946120634,-0.37991877350210757,-0.8900319795776653
-0.9442514963411702,0.9997614342239678,-0.760477340246099,0.998729557369131
0.5323302389117539,0.99999947323531,-0.5707347183527142,0.2483757625675471
-0.10370000452339666,0.9999918651312071,-0.38977322355074584,-0.24869191281486805
0.8260888609505006,0.9999999999999982,-0.9926673802659569,0.43903649820454044
-0.4353565027944259,0.8035683955905389,-0.9464183886514435,-0.4305189430089152
-0.19579728347837824,0.9999999978314076,0.4034986109520255,-0.9225290906185939
0.6112813727896834,0.9288809423548671,-0.10105065631573745,0.9948975781466478
-0.3160670258620903,0.8291822034852484,0.8166103572338262,0.9291322584531957
-0.63275028841111,0.9998467700897176,-0.8772635227971628,0.02302953425040082
0.0054432330445677085,0.9999845890840702,-0.7584189641502924,-0.4568190614072055
0.22703114541598646,0.9999999494766375,-0.5796217041909605,0.7196188311289433
-0.953115217259459,0.9477219460537466,0.9791811398031958,-0.9635102039579845
-0.9193736081494571,0.9963345874663371,-0.9909839779693334,0.755051033571774
-0.7769734345886924,0.7469460583764245,0.3085930729039394,-0.9599000673729822
-0.8805058000790005,0.9986555661451934,-0.2992300744730664,0.9410660541057467
-0.7945666218617913,0.998919346528861,0.6300074011860002,-0.9936317853279969
0.9040098204261933,0.9289441346837124,0.40258620043049054,-0.1299791067402179
-0.07417204257699911,0.9995364704493975,0.8240862139796403,-0.8323236749321629
-0.9389161802704088,0.9987418856879524,0.6993704222882758,0.4309658939800976
-0.9255402912003238,0.8663301213415625,-0.07948292077415708,-0.9055883361862314
0.24274736342335912,0.9936944796413041,0.48632927069205845,0.9665438893115404
0.6434050449618853,0.910688555931046,-0.8152045896061823,-0.055940283921348526
-0.545216322617555,0.4698189438959777,-0.5570106297187791,-0.2371091947599722
0.10338715895152548,0.7362347022785484,0.9948651540427508,0.3630077172612802
-0.8412446654383177,0.9999873606586048,-0.44346685634791944,-0.362311682313067
-0.4364060926629245,0.9998753786719998,-0.6083503016581141,-0.2973795636402544
0.49507528048498084,0.9999982408273198,0.7527310903657205,-0.24156572810338078
0.7220388532703903,0.9999772730178111,0.8464767730471755,-0.09999795191070178
-0.7562046338053723,0.9994830394197413,0.7453430712582106,-0.9977427235502976
-0.8863424864560138,0.9972182093946212,-0.909882880003795,-0.3194355696282065
0.7371350831714062,0.9999733053792345,0.8387541132432744,-0.9168424037148827
0.8067337044430525,0.7922471497323865,0.5546308449185228,0.20937674307070367
0.7220693392832019,0.36592555908820057,0.9797373594149253,0.35287494193691077
-0.00675028212131825,0.9345646850701997,0.6717000472150016,-0.04610216844889127
0.6985857522945479,0.5715108104769675,-0.4663746805337823,-0.0821311539231414
0.3251881916384103,0.980064581643885,-0.9506767749013392,0.017092495155312564
0.9620126790708904,0.9993766183975563,0.8409883720346821,0.5363531716792561
-0.6822112939111835,0.9999982431354553,0.9911877633344072,0.09502011856616441
0.7522271010321715,0.9929989824777175,0.15009972796603918,0.3395789071591291
0.4482420437013073,0.9976803464063606,0.6960747955194496,-0.6245150794016165
-0.7820836248244657,0.9998554055659138,-0.9381799936117127,-0.6056466868002789
0.7524569832510268,0.9962994375177754,-0.764210140123543,-0.4892005653571974
0.5810740302412444,0.965158718546721,0.32736411680734406,-0.773269124328418
0.6850342794021256,0.9989098392742678,0.9958719502955341,0.5564449465541005
-0.2862315892044572,0.3696663174062576,-0.03138743389477933,-0.3009407255381265
-0.3227935414160957,0.9428371827212885,-0.7654625474460955,0.3005508045059013
0.828485663632419,0.9999906924515616,0.006385068417133101,0.76359790594567
-0.9080109673630212,0.998899077525209,-0.6199717509106075,-0.9903397847995895
-0.8970860831357662,0.9939508544501859,-0.6226516835622815,0.27777149935600015
-0.2915731811618748,0.6802010378465283,-0.7646479499791365,0.9249739516254122
-0.6987156162789855,0.9999999994613049,-0.7644412925799006,-0.3939014355900635
0.07690567920579183,0.996547388524392,-0.10036856506165082,-0.9102496084801774
-0.8529898774422182,0.999396651529615,0.1299102206566031,-0.24009127584534448
0.894281130872142,0.9999230014712077,0.6200477187965749,0.3550197511067336
0.9614265770418481,0.9999913677743573,0.704985721065224,0.8994622225618031
0.9259088158207157,0.9922181083180474,-0.9666374166751346,0.6495403926341958
-0.9519822870996286,0.9999842039646519,0.6866402461449074,-0.417008041502289
-0.9209726013487299,0.9802837724777178,-0.7559136294038538,0.9008066893674409
0.8556330075035238,0.9999962117882322,-0.7616175555231565,-0.0566847743388679
-0.7276211293356294,0.9829442078297956,0.17274700803363865,-0.3503882347939204
-0.513634760265815,0.9998594809629615,0.03747557290155001,0.9825876744773515
-0.7221084214826845,0.9804031701038848,0.748475268621993,-0.39468612772580103
-0.6589599462061468,0.7355938202347897,0.12637136075137967,-0.3412321005632585
0.9182803838543122,0.9954385501295758,-0.4572670725023171,-0.16054815824487106
-0.04107700060357546,0.9919575585535616,-0.6959621334107451,-0.844152519013902
-0.6108960227605675,0.9999999993955949,0.03604532172586193,-0.5644671704146784
0.07147359951762743,0.9916888772951407,-0.9175859354964292,0.8583308377955905
-0.7644081062797593,0.9999851989997854,0.9574560311618137,-0.6005522216843053
0.7584695246708227,0.9960439457808855,-0.21626355274614922,0.10527243699665026
0.18004862497445887,0.8099081650066948,0.9652535238971127,0.9813092364205186
-0.7551910910884219,0.9999999999576763,-0.42193170134945945,0.7185334011672311
0.6532920502073158,0.9999999997761947,0.8368926058243003,0.9787315431487653
-0.9472572328836883,0.9801008002427225,0.6611438229512852,0.2419139898076955
-0.9228850761980142,0.9997378929700731,-0.5829473619367406,0.88976278625936
-0.8099024108538514,0.8770189088281073,0.5535567914370746,0.23744842863027338
0.8067214274211146,0.4993312598725468,0.8982555753604015,-0.5313719560138708
0.23247676957026064,0.9999975307734663,0.4779911469132329,0.9127595335837744
-0.6038144602722939,0.9982085888340058,0.47100418664620386,-0.20925611236253006
0.7677723182328952,0.931351715133117,-0.8257914514868853,-0.36489596909588917
-0.3576765188034474,0.9970925264351174,0.7040756655515439,0.8733660683798378
-0.40406552395873385,0.999932792686896,0.5844383241098103,0.04930690336287323
0.47510873531254233,0.9940920193878183,-0.2135391908159923,-0.8658482637962552
0.8971229179501483,0.9999866929650622,-0.3438714693359028,0.49063477663399546
0.5863731728715316,0.9955522961165735,-0.11731367524389955,-0.44393772818753574
0.46470714707176897,0.9997391154420817,-0.44292363249278643,0.31841919027417515
0.5743452031309856,0.9999999956789241,-0.9771411362455164,0.9317120346807438
0.9096526104445036,0.9982902515246982,0.49680261716737817,-0.9363934531338215
-0.9061737981452989,0.2629163387450231,-0.8459403382105178,-0.16191483954900995
-0.8315187689285076,0.9999534356961578,0.987135269869994,0.7975451165070259
0.8889922224550341,0.9946850566886664,0.2785244765450031,0.999965573638891
0.28895713775559106,0.9999987793961018,-0.9444241014580027,0.8976690041009429
0.921457213243277,0.982962174053002,-0.5817626709442163,-0.9970928727630626
-0.5256840769565209,0.9418072713424702,-0.8863488449437912,-0.6699233032771108
0.9371572029672348,0.9981454546679494,-0.33734191467347974,0.47327352547623297
0.286180951448203,0.9971684177648159,-0.35416569845377943,-0.8167318842648268
-0.2445782885996731,0.9980024253670117,-0.7539939902018691,0.7592913429044393
-0.7747625715298235,0.8725082671079368,-0.6363163785179745,-0.0800665636130115
-0.9506983114791552,0.9906218258698278,0.49444943367740796,0.942215143988057
0.287194002683657,0.9992041251713424,0.39920565068511504,-0.7898745710771414
0.963502856929638,0.9968318190520383,0.746514263057675,0.36147969791554957
0.4975630883721695,0.9779340946492353,-0.6993970087117508,0.4344829847281202
-0.8713479637804645,0.9979919233348531,0.5050307346986362,-0.3559183706227362
-0.8964402878896351,0.9999967244645422,0.3292905112489117,-0.9860657229362855
0.8060697609577743,0.5429297550496108,-0.18006121740585898,-0.9428308357583509
-0.6842903349442487,0.9999757484991575,0.9850657133268547,0.22450012136721997
0.8784693860607614,0.9980419871849904,0.8788644747965793,-0.08323077430131169
-0.9316096191946545,0.9858155093794595,-0.948118529041198,-0.25085228648115115
-0.9205873887288621,0.9982004730625939,-0.06989810010968203,-0.7877722149481523
-0.9338744744520593,0.999332207350147,-0.5938739595077099,-0.48503476755652947
-0.7533443320355696,0.999984439480394,0.7933542069565723,0.3479854050617066
-0.8754567557086311,0.9861338341218692,0.8512071116327035,0.3097852082019911
0.21526485093086498,0.9029968955446791,0.7788244275691273,0.9997863371597159
-0.905959487408055,0.9994356711805488,0.844115302597905,-0.5670485919447146
-0.9555676866350427,0.9995105074774184,0.6453949808246149,-0.14870493733841322
-0.428877702631404,0.9947321467487591,-0.12059686093077569,0.8262084365585648
0.9013916515230374,0.9999907996566846,-0.4298712311675979,0.7457167685686383
0.7253033203573599,0.9995012578894025,0.8537892730288889,0.28720500938390653
-0.07776768269887037,0.9652292281213116,0.42243000265221914,-0.2821531991421169
0.837872418271961,0.9963726068110177,-0.7416184307277626,0.8442045871775997
-0.39584391753397097,0.9998793593495106,0.28829477395096414,0.0958939623433232
0.8788499424697815,0.9999806227249164,-0.6795369679631746,-0.17636577844592213
-0.3567395051379986,0.9999999995071234,0.8308035436202744,0.15998919277522236
0.9348331419713397,0.930433260763441,0.4779124458008917,0.31056400883711693
-0.8492285429759067,0.9999893815017197,0.983917412640355,0.5053925682882238
0.7403219624456815,0.9999953089912093,0.8280242016256948,0.20512597019224318
-0.9496749034520072,0.9999981648352443,-0.4309547327938592,0.3540631745288024
-0.9622951516633479,0.9999992917340076,0.5758265991581244,-0.31966174260216107
0.11769598068530314,0.9998869262799265,-0.30668205766775103,0.17090568221979247
0.7897269935474763,0.9969374893570955,0.3923274511570889,0.11246320986432354
-0.6419009007341339,0.9408932356777496,-0.6598474927917193,0.4728825855972483
-0.962591844544891,0.9999637163585424,-0.9344485144508858,-0.08482054266947489
0.5357140129620385,0.9748037595303094,-0.9625832882054707,-0.1441692921513333
-0.9528137160807609,0.8191214682528309,0.4822967489806429,-0.8295940644650045
0.4739875502738689,0.9993155186091351,0.6881623804116935,-0.47174903168160603
0.9592896789142997,0.9997364856273083,-0.8063697444015062,-0.39135504104989766
-0.9171516087743458,0.9618985135780497,0.3849629389804309,0.4978896930764172
-0.41769770624472946,0.9999999922034327,0.7092711144721731,-0.033720991951685396
-0.9550207462814158,0.8847395042466258,0.04989363825568707,-0.5931636364057261
0.8292053089516238,0.9307392415320888,0.46468040337882716,-0.9737360259363085
-0.43049612180963154,0.999660203194185,0.7696780972417686,0.8881257037564284
0.824060365923802,0.9181709811072827,-0.29268039548587754,0.9218696076704724
0.9375028159061165,0.9996985203075622,0.1568125647295995,0.996347591375749
0.9535461011047951,0.9999950935056723,0.07776376295223482,0.3753496383695201
-0.9509125583812613,0.8429975496391635,0.7420157916475784,0.5296828191051286
-0.7079871573542054,0.9876282596753893,-0.9797901962757332,0.6363736919546391
-0.7585287993905983,0.9630695387652886,0.3230553418074041,-0.9611800613670296
0.9117551945997808,0.9984606266752776,0.7568400757558134,0.8955997230993529
0.907472053335899,0.9993185982384216,0.8546519368152126,-0.999937163678075
0.8516709261806025,0.9999986424633291,0.398325853587824,-0.9937528037804424
0.9614595516962383,0.9902191888307934,-0.9152783490906085,0.8791082256668951
0.9107193721449369,0.9998333256816669,-0.49007107896538776,-0.8523878197156604
-0.7301002111764926,0.9989638806704741,-0.40285695035123403,0.9846855872918239
-0.9250002510968277,0.9923565089173224,0.05489989071256905,-0.40322681399934207
-0.5056596957972885,0.999840151044984,-0.9210897584024426,-0.7573053286861319
0.8474229573311303,0.9995554702067688,-0.9831063284120567,0.676363995346014
0.6459242628366291,0.999999959284286,-0.5705099582563559,0.9978515974129393
0.9084869605768229,0.6747027609805721,0.6560420424258828,0.7123590548108478
-0.9514985907246474,0.9999697231755679,-0.9223767897442372,0.39151556589410513
-0.15879430780655296,0.15892887274472425,0.9173861405882193,0.9950264366369204
0.7121817607753959,0.9996344231767069,-0.8314532508130823,-0.01899047981336667
0.9109774812815351,0.9999216430693786,-0.9622485173610348,0.739244910354412
-0.7367171609658705,0.999999999893411,-0.8038667203050494,-0.7878623309381054
-0.3450429861615389,0.9982247992530939,0.08783905928130567,-0.16380885920033939
0.7973759023922684,0.880016642797935,0.7317782728976048,0.39445268071343653
-0.7414191271908104,0.5589921499135704,0.2728151698768086,0.0768043135489099
-0.4078682276732719,0.9646830688378663,-0.3817115376974953,0.6830848833771462
-0.8394364655937699,0.999967167286548,0.8456548948369543,0.9862275258265565
0.7751294074256238,0.9856367941098496,-0.24504013919732365,-0.7270582967741958
-0.7504482726751095,0.9362266994067237,0.8762194435942431,0.48886263712793654
-0.9148573838919558,0.9988837705715301,-0.6742042471051221,0.26571881749049603
0.9600706194246816,0.6341938581838897,0.8217843230630126,-0.03914329001382669
0.7841519153314667,0.9930860818571339,-0.15557724568653616,-0.8559722937298785
-0.2574217762255526,0.999960995443396,-0.340443220891485,0.28903232685919955
-0.7542205015807599,0.9999982016480814,-0.24137466008543915,-0.06174351598251535
-0.8948076025377399,0.9999929346921745,0.645413712684502,0.007783972974195388
-0.2641267705668222,0.9997598600912938,-0.14194445613930037,0.30085814666599286
0.42819980056134804,0.9319700321833229,0.2552551965202623,0.3779239324656066
0.7785944557443358,0.9999999999717992,-0.07783682786805363,0.7755375039698899
-0.8567919710183273,0.5634919415180867,0.5403909066732877,0.5866633920936837
-0.7545671851605731,0.9998715005210799,0.7988471043686186,-0.831536748247942
0.7442691599148028,0.9999767825226739,-0.8309242111310267,-0.6455496314562271
-0.7820970763963082,0.9215394265031772,-0.2637381131178475,-0.9848971185069345
-0.01587341402893049,0.9991399000079236,-0.8137501867003948,0.9898704065243606
-0.4854086441483535,0.9997340893099589,0.3325436543159498,0.6086794729148158
-0.5775824287633153,0.9999999974042516,0.8999757670077844,-0.560503099179914
0.9424980818942001,0.9907939631516386,-0.938545965859876,0.9903886099899699
-0.8258456905693603,0.9412287291310051,-0.15086389352599291,0.8336543324260985
-0.07720965695997992,0.9998228904752001,0.6786724328726487,0.9465142417971859
-0.8415455883490351,0.9999992569397618,-0.7007701326439328,0.8178980274016536
0.7827099236808504,0.8840995521277019,-0.5608850957947905,0.9987495454037989
-0.07062442728879796,0.9999999934438977,0.6472558289908176,-0.3622443100168453
-0.8130693148724853,0.9999942265363295,0.5849079997351321,0.368962644508737
0.7586915594049369,0.9993576443942499,-0.5665751991257589,-0.6184653941635485
-0.9298548752069844,0.995924354776571,0.6870475828504997,-0.8885592119048912
0.1682394870312281,0.18299744584905772,-0.9139602948020246,0.1690552051238328
0.24983715543601676,0.999920708246306,-0.21718440875694384,-0.9995213808807091
0.7018222749016206,0.9994246973862154,0.7487902199691497,-0.5105412602447967
0.9033998391699402,0.9999074007026251,-0.41169770187876353,-0.005093721146795764
0.6973780207897465,0.9995833230510439,0.919817678604685,-0.8054678452792958
-0.24486245140038862,0.8543036371667241,0.08182869026847296,-0.32144412375267284
0.8170612750539032,0.9995678735083446,-0.9759385555592833,0.9752441598968907
0.48679591280527623,0.9998646801933968,0.6657817719405891,0.4423175408859886
0.9493441191374739,0.9998377147370663,-0.47618862377528526,0.9996759921528592
-0.3609989361874374,0.9999987673900235,-0.7974105762145297,0.7500801856195938
-0.8919284729438024,0.999973377465122,-0.7374414246397288,0.19312651946733705
-0.9534809819482452,0.8513480552142424,-0.27601788787940074,-0.9877348259147924
-0.9528180045224001,0.9850829162371317,0.3398249604191064,-0.6559040308952736
-0.14862095834912267,0.9901549163256214,-0.8618947514717242,0.07311444651763985
0.5825334275831237,0.7164292219169455,-0.6709187511931357,-0.1541465500076482
-0.8828526731329925,0.9691361812491465,-0.055386657053325405,0.9445348966998128
-0.8458382877965455,0.9922727891800518,0.7286746235039838,-0.5540793464175713
-0.8338225902491139,0.9135603397065704,0.30823169759702673,-0.7521311282600933
-0.20680415393917304,0.9303993807265417,0.009171760840031216,0.12427407501769645
0.2638135470398295,0.9999959687831891,0.019396421478124107,-0.04361671099569744
-0.7867232836329732,0.7734613387289917,0.9181270105727799,-0.46225182468142917
-0.7668249257419674,0.9715153056142921,-0.9491157970320308,-0.9610380065948396
0.21270590195076491,0.9946187105616204,-0.7181047256709583,-0.6678341178063115
0.9469598074613452,0.9999999617963822,-0.26309270277669644,-0.1568577602864578
0.6564045529761482,0.7940823313954098,-0.32811847614344375,0.9438303531706848
-0.4780338826152025,0.9991883114658537,8.426246081534594e-05,0.918277930792854
0.7813096930481409,0.9788966669700634,-0.8854695632210852,-0.24654085472304477
-0.6926023566667604,0.9731537245773462,-0.04050437667208473,0.05651708053948843
-0.9467959142681902,0.9874074252260167,0.22315981699215764,-0.8482386258092193
0.9564814883633449,0.9999884136390639,-0.8627288718563643,-0.1105329775104656
-0.9585588588707535,0.9967433934632121,-0.7736733367935005,-0.16287148192256015
-0.09119378102817721,0.9999998826241375,-0.785594511745722,0.9973404490593321
0.8697253548586382,0.9999999594760042,0.252819270387638,0.5757688397114312
-0.7131728174480961,0.94695109493407,0.26178472756787413,0.9999516152997043
0.28536030628948367,0.9667332392444369,-0.7076339014157151,0.4039365528545442
0.7877022772471838,0.9606303793218476,0.3781255627953324,-0.745365414191418
-0.40852151520188323,0.992450889450167,-0.18110172726954316,-0.16466702667715222
-0.07277234741448439,0.9999999972351438,-0.7094502073941975,-0.7570710072691964
-0.5731862859420463,0.7251066427320073,0.6594485595316342,0.18248701722133573
-0.9560543623986821,0.999990350652151,0.6561360475826524,-0.9903231309574478
-0.028899956358613314,0.9987604597709555,0.4585021075439746,0.9745501095503166
-0.823319827562874,0.9897845428276493,0.9021772210177101,0.9094010039426695
0.8395552170385835,0.9996632929811996,-0.08250810714359408,0.7245838128183548
-0.9579566124548319,0.9999999488014267,0.9550193112346406,-0.868512242556934
-0.5668059556739274,0.569233840633633,0.6739792193586085,0.2414776953418446
-0.40916117456618456,0.9790046466454853,0.8094875048992514,-0.8994300986881695
0.543534871081162,0.7983596108059591,-0.9845681433032627,-0.21530972207199583
-0.896410560010576,0.9999989925503707,0.7391945500860292,-0.13558429129526195
-0.7546515647309938,0.992449745271771,0.7956756506716007,0.8076167167451915
-0.29420243063524726,0.6902725114387072,-0.37814029107774777,0.04000313884932528
-0.929895079789916,0.9999997666556055,0.9309259668231158,-0.04459987436097498
-0.9302039378411784,0.9807005851376674,0.701905837556313,0.24271951999975472
0.7964510185502849,0.9999992602931145,0.9439614589188554,-0.5259425503039067
-0.8881022157908398,0.9629191312103184,-0.2329244295636947,0.9826673526762852
0.9196710051211119,0.8186981033260319,-0.35671691104544,-0.7432187775335231
-0.8711900919739524,0.8828252453837143,-0.11497835945478023,-0.15393506269101873
0.8486887458081235,0.9920184413574096,0.17246127040349432,-0.4201781205424787
-0.8489687347579017,0.9994189426876343,0.6878476347962764,0.707991947960678
0.5030923504269518,0.9999128274630406,-0.1388206149168345,-0.5939515960648463
-0.906653946729166,0.5728281529705678,0.8680466336942433,0.05835463862929329
-0.9442312456549715,0.5052414199141697,0.01237445890636031,-0.5750032512967502
0.13299112262019802,0.7842654345774178,0.4666349015449701,-0.9993243784818152
-0.6560005750956723,0.9992468038614564,-0.5850106985305872,0.7021592769901007
-0.7116588953536446,0.9998328050513435,-0.43709453985727875,-0.9003393411164432
-0.8078086909671055,0.9999999999755806,-0.2051397304231435,-0.2523118891034401
-0.9316496859751778,0.9999666733020866,0.8686479437805477,0.6660603763944521
0.8507015153900659,0.999999999275393,-0.7455905600500221,0.9976814752937477
0.9409145508198054,0.8208124540275463,-0.5025856479724504,-0.9388221777688981
0.7605236860007164,0.999999999889108,-0.31944242954457547,-0.11510633876476391
0.929058305231056,0.999998438906698,-0.16157617234170915,0.20454244113862205
0.8820941993636312,0.9976862845776212,-0.9235743504793613,-0.1808208721268506
0.9132201709636232,0.9936597725260535,-0.40145904609176675,0.6026218475852078
-0.8702797067145605,0.9999611648384477,0.6752193709957637,-0.15345463610859308
0.904490792764091,0.9998358670252585,0.44731669961977955,0.2607420065135854
0.8125587773131009,0.9455843598233304,-0.24973930864113167,0.8265502276225862
-0.2008252090261583,0.9999987516000335,0.5651374283557217,-0.009645039137645476
0.8120203172064389,0.9984486382189142,0.7531451803665015,0.3328735866417094
-0.11639257702364034,0.9874785936295929,0.48738224927336055,0.9816362938419765
0.702397012047956,0.9823795542008705,-0.08818991924950813,0.9751357447967741
-0.9630081238394512,0.9999897068104963,0.9067624771259631,0.9690405582850531
0.8476389853535683,0.999999870528584,0.39503077875007886,-0.11489032211535531
0.9615844892483045,0.9997389846445042,0.29373913426725573,-0.8920744982819537
0.9000622130775362,0.9999908836305381,-0.8871946964893397,0.9274135343966446
0.8979666823015641,0.9856394790596724,-0.7035459764762354,0.1268402954070362
0.9619153617469143,0.999993125670585,0.94062435893712,-0.9870440424877275
-0.8568288617461347,0.9999984355017668,-0.9791076604060807,-0.4099413259014355
0.021922912634892027,0.6316349499664694,0.13659266323747396,0.4601037977638555
0.9463926882190927,0.713882244720652,0.38060662826121117,-0.568078805003532
-0.7931181592932327,0.9679193048813615,-0.5711883427094633,-0.94211008694706
0.7453886681247117,0.915057570050495,0.5470389036337121,-0.9657935290903967
-0.9341326972680848,0.9998764120810579,-0.6275655071246752,0.976496011126221
0.9576011079569601,0.9968524486966585,-0.9277044060948682,-0.466872210026116
0.7114661487497133,0.9999956913704281,-0.2257566650764248,0.935473789459459
-0.9602813638522043,0.9999928800279946,-0.6074735136966843,-0.5035941483403453
-0.9631470650503817,0.9998732718008402,0.5421362876507655,0.9951898693024535
0.7602455692236901,0.999924180287165,0.7723164373536711,0.8670223605109108
-0.9596341589490808,0.970368002606361,0.5696473241593951,0.7723187003931772
0.5547598407095601,0.9859944428419836,-0.37434247405601356,0.6115326331637737
0.23390157274375575,0.693455330123069,0.3430941220275214,0.7156967162068395
-0.9454387752980011,0.9930579037487619,0.8150033963800282,0.421250364501689
-0.1287506816067551,0.9999889220400247,-0.5306840724256588,-0.15232544000762738
-0.12422225071578107,0.9640742579574041,-0.8320158429989851,-0.6818262285045652
0.8657903771444214,0.9998595344226748,-0.6290768586695549,-0.8595863324677421
-0.9499734138552361,0.997709867706831,0.49287066221146986,0.17148195391355314
-0.9630633910505813,0.9996479795891172,0.5753721312096475,0.7156670069898361
-0.7749603880482409,0.9999999316897038,0.6645244203697059,-0.6180979179269117
-0.6499763997642115,0.9883989195159761,0.3872906785425791,0.9983984774028437
0.5687616814904806,0.2918866753055676,0.7506492580502345,-0.9824187023383194
-0.40653545251660606,0.9999999725793021,-0.8045799199018393,-0.09640072881680194
-0.1799798017420357,0.9998948325436222,-0.1717887216392486,0.02053811614921538
0.8598210345264472,0.999978569401202,0.7796157305746435,0.7635012557993963
-0.9357009910746658,0.9999961845946882,0.566194108570054,-0.6832100997685828
0.7721200148330605,0.9999999968157256,-0.05226199826084994,0.23746213770478453
0.7733479559609241,0.9999872974623738,0.9684776767733008,0.8405966300448091
-0.8111300205089883,0.9470552770985918,0.8250159632542033,0.8745897222958567
0.9602893967650475,0.9936811916890367,0.41845458188695334,0.775586613427702
-0.9511018942016988,0.9265652063286031,-0.5287156638722013,-0.36027940839792394
-0.7970174186480076,0.999999992021078,-0.5500893900581276,0.9878394778328058
0.9546194856304294,0.9999443566172642,-0.7371984588621928,0.5689659266658725
0.16892241464072488,0.999996514586818,-0.057674341013114354,-0.15275944927615814
-0.938335444675345,0.6212567140852531,-0.32581826949632314,-0.025927491471271706
-0.6857551980625868,0.9999971102570608,0.8718227799727772,0.3002646182744402
-0.0211582914445277,0.5767309027431574,0.7974878847454493,0.9983031205278546
0.9617357902719322,0.7379867733533196,-0.648177175955104,-0.007707045056534927
0.12605447059579702,0.999965009060054,-0.693058167184874,0.48069833669838213
0.422410910979713,0.9772758619194324,-0.8579899723933874,-0.9597555576154485
-0.11818854342898885,0.9999926768243208,-0.20093521268753037,-0.7231994104422131
0.44355691830911753,0.9991312837456081,0.7864314207343792,-0.7558282053436335
0.9594451731151528,0.9999527914458527,-0.06417935387639892,0.7192265911683356
-0.49309832737576886,0.9934728487730098,-0.5769129826848516,0.8940276141138934
0.7413868804481154,0.9437169322646919,-0.3799378481951142,0.2707519491152764
0.2442348636494681,0.9995333533120653,-0.8113437066326536,-0.7126469234934876
-0.9231016012067951,0.9999597861883603,-0.08622376107309394,-0.18654464034299456
0.5225132969678334,0.9920823517458657,0.36849031978163765,-0.6400105374456986
0.89310448953453,0.9999999913800608,-0.3940564105390022,0.8893597072154408
-0.5299011513812716,0.9995446769864319,-0.7262228863465073,0.53692525281576
0.9570099906872235,0.9996498534577323,-0.12594842203625503,-0.6497053758474287
0.954217127538064,0.9487665212300022,-0.7979409866523453,-0.397531959006866
-0.881616567407404,0.9994371955185404,-0.5142151886925557,0.7905721794531059
-0.5620057192538466,0.9999999897993009,-0.18270014958397454,-0.8244844065938366
-0.35349545369852825,0.5931013065310986,-0.1410713691365703,0.28106550803903046
-0.6655316084867542,0.49854250856366833,0.43598362657954065,0.21953029433602517
-0.9263564802918907,0.9999998003324148,0.03221303123918195,-0.6551738378519848
0.25112893784172113,0.9963008463812938,-0.8203790383065201,-0.9890666364787734
-0.8238316081426542,0.9897811965387465,0.6606046180312851,0.1666000760519945
-0.9458692897213801,0.9999744250881845,-0.6444381152235722,-0.19651323117233288
-0.94906439717488,0.9986322379368534,0.2936137204589906,-0.25829011003631797
-0.9620445949482264,0.9999999716703057,0.07696387137229725,-0.9970567861700329
0.766517083107331,0.9999968505160797,0.3527664439675599,0.9974707903256728
-0.6222688832471358,0.9951887075159497,-0.772602566073955,0.8107163648987439
0.8255364300356183,0.9998016947430943,-0.05814537506286972,-0.3329555102817142
0.3612962244434128,0.9997026032672947,0.1010649121213843,-0.8030463665605759
0.9399418495082031,0.9999743343410884,-0.5880070181065815,-0.3846344758387575
0.9208071644222916,0.9900106957490017,-0.17786070279197452,-0.9576259138984237
-0.7932037721765974,0.991321452670149,0.21115767329748827,-0.5216089626988504
-0.9191045447104914,0.848285278455269,-0.7702704671982192,0.6437001855693297
-0.28212624894283156,0.9990932390932815,-0.8268802007522417,-0.13448307697113204
-0.39045906101077643,0.9999914819305372,-0.8038542361299246,0.5562410491260268
-0.7533213249073895,0.9999989021737608,0.7068985106448972,-0.14695152190862507
-0.6643916694580171,0.9958321450421518,-0.8559531971932375,-0.9604206755914357
0.8878276960090941,0.9999997218926229,0.5160241490110536,0.1792277718053557
-0.8589014060471699,0.9989553416143886,-0.5493291403665252,0.9922518207055283
0.32139756899949934,0.9993195538915135,0.5529253122276608,-0.4797411530177318
-0.638690917659995,0.9999783943745445,-0.13681606506999616,-0.11899537047903816
0.41879969845514264,0.9998859254811234,-0.9326336929734065,-0.9469559326682423
0.6987138384351562,0.997584270350747,-0.1506548466819417,0.3105683885753253
-0.8277150662181542,0.8613507746073219,0.9263225067305831,0.18652527950899983
0.9278946312273912,0.9995989936485086,0.1083928355819597,0.6786530990175894
-0.3904355650191304,0.8767023709626546,0.05492231522390723,0.5713590712412012
0.9581424675591638,0.9996707644142869,-0.4220287929275474,-0.9542565547699307
-0.14679754579310175,0.9844582168008966,-0.4410635374458249,0.771033378978034
-0.7289772062798738,0.9999999760997134,-0.8642307990240137,0.8597093541971851
0.053047547585691884,0.9999916403132362,0.8415998106328082,-0.974023866780597
-0.2309992563311235,0.9999945035704848,-0.7841471117365657,0.9663053303825389
0.5234270789795448,0.9999835081039102,-0.7889148519571555,-0.31377486280575956
0.4459662605046099,0.9998566581745818,0.7167794562034153,0.8852141880836103
-0.2170973604586765,0.6805032912073359,0.06785355850384286,-0.9998958059926634
0.8229459459359078,0.9999719508789016,0.41601564396515034,-0.30305527761415213
0.7176963191620533,0.8764145289946451,-0.4609359183750118,-0.5215227002334473
-0.2890388404016345,0.9999874958809812,-0.8499058726710976,0.5236400275152011
-0.7443641441710425,0.999914899012927,0.4844921535634649,0.5521206790284923
-0.4267149265191178,0.9958704001175063,-0.46584040219874223,-0.13368586454726167
0.8389844994562529,0.4945671008184925,-0.6475060136205557,-0.7833873965515225
0.8760136718996032,0.9874974151784796,0.6238713621456115,0.9464947663513583
0.04520185978769122,0.9661480844181813,-0.5974043321430599,0.8749000247787271
0.6708493809140845,0.9902987538909286,0.37098945318655335,-0.6555573110845886
0.5356659919294346,0.9074914309423885,-0.11491012523497153,-0.10178179388568091
0.5349659954269927,0.9885982283696944,0.1901597106133841,0.3349211296872863
0.36846554434391443,0.5692500918353516,0.10943884327238287,0.6026533584557416
-0.9006824442708568,0.9999515530131988,-0.5792070007611549,-0.8304388754107612
-0.09501127997140692,0.9869597152812948,-0.6632216639243159,-0.9077711617546261
-0.9210733698169831,0.9838152215571332,-0.28178746987330444,0.6975014282439456
